name,goals,assists,minutes,influence,creativity,threat,ict,form,bps,clean,conceded
Folarin Balogun,0,0,0,0.0,0.0,0.0,0.0,0.0,0,0,0
Cédric Alves Soares,0,0,0,0.0,0.0,0.0,0.0,0.0,0,0,0
Mohamed Elneny,0,1,1,1.8,0.5,2.0,0.4,0.0,12,0,0
Fábio Ferreira Vieira,1,3,236,79.4,63.6,77.0,21.9,0.0,62,1,2
Gabriel dos Santos Magalhães,1,0,1284,268.8,59.0,105.0,43.3,4.5,259,5,13
Kai Havertz,4,1,1092,217.0,207.7,278.0,70.3,4.2,146,4,12
Gabriel Fernando de Jesus,3,2,821,199.4,181.5,453.0,83.3,4.7,144,5,9
Jorge Luiz Frello Filho,0,0,383,50.6,64.7,9.0,12.4,0.3,66,1,6
Jakub Kiwior,0,0,247,43.4,11.2,18.0,7.4,0.5,58,1,5
Marcus Oliveira Alencar,0,0,0,0.0,0.0,0.0,0.0,0.0,0,0,0
Gabriel Martinelli Silva,2,2,1156,231.2,425.9,401.0,105.3,3.2,185,5,13
Eddie Nketiah,5,3,842,201.0,107.1,297.0,59.4,1.2,175,6,6
Martin Ødegaard,4,4,1329,374.2,532.5,322.0,122.8,5.2,289,6,13
Thomas Partey,0,0,250,55.8,60.0,15.0,13.1,0.0,58,1,2
Nicolas Pépé,0,0,0,0.0,0.0,0.0,0.0,0.0,0,0,0
Aaron Ramsdale,0,0,450,55.8,0.0,0.0,5.6,1.0,77,2,4
Rúnar Alex Rúnarsson,0,0,0,0.0,0.0,0.0,0.0,0.0,0,0,0
Bukayo Saka,5,8,1483,493.4,671.7,544.0,171.0,4.5,364,6,16
William Saliba,1,1,1620,338.4,63.4,55.0,45.8,3.2,349,7,16
Emile Smith Rowe,0,1,105,37.0,17.2,58.0,11.1,0.2,27,1,0
Kieran Tierney,0,0,0,0.0,0.0,0.0,0.0,0.0,0,0,0
Takehiro Tomiyasu,1,1,583,124.4,54.0,57.0,23.3,3.0,134,3,4
Leandro Trossard,3,1,556,178.2,183.4,254.0,61.4,1.5,125,2,4
Benjamin White,1,2,1319,317.0,250.2,93.0,65.9,2.3,314,6,15
Granit Xhaka,0,0,0,0.0,0.0,0.0,0.0,0.0,0,0,0
Oleksandr Zinchenko,1,1,1139,259.4,283.1,94.0,63.6,4.3,307,6,9
David Raya Martin,0,0,1170,179.4,0.0,0.0,17.9,2.2,216,5,12
Declan Rice,3,1,1563,400.6,222.0,166.0,78.9,3.2,324,7,15
Reiss Nelson,0,0,63,18.8,32.7,10.0,6.1,0.3,25,0,0
Jurriën Timber,0,0,49,3.6,2.4,0.0,0.6,0.0,3,0,0
Karl Hein,0,0,0,0.0,0.0,0.0,0.0,0.0,0,0,0
Charles Sagoe,0,0,0,0.0,0.0,0.0,0.0,0.0,0,0,0
Reuell Walters,0,0,0,0.0,0.0,0.0,0.0,0.0,0,0,0
Bradley Ibrahim,0,0,0,0.0,0.0,0.0,0.0,0.0,0,0,0
Myles Lewis-Skelly,0,0,0,0.0,0.0,0.0,0.0,0.0,0,0,0
Alexandre Moreno Lopera,1,0,135,58.8,6.0,79.0,14.3,2.3,28,0,2
Leon Bailey,5,5,693,295.2,227.3,238.0,76.0,4.3,190,3,9
Emiliano Buendía Stati,0,0,0,0.0,0.0,0.0,0.0,0.0,0,0,0
Matty Cash,2,1,1262,292.6,135.4,284.0,71.2,0.8,231,3,18
Calum Chambers,0,0,0,0.0,0.0,0.0,0.0,0.0,0,0,0
Philippe Coutinho Correia,0,0,24,4.0,2.8,12.0,1.8,0.0,7,0,1
Keinan Davis,0,0,0,0.0,0.0,0.0,0.0,0.0,0,0,0
Leander Dendoncker,0,0,32,15.8,0.8,2.0,1.8,0.3,16,0,0
Diego Carlos Santos Silva,0,0,723,150.2,29.5,57.0,23.6,2.8,140,2,10
Lucas Digne,0,3,1472,270.6,448.4,112.0,83.1,3.3,278,5,20
Douglas Luiz Soares de Paulo,5,3,1473,431.6,398.2,211.0,104.1,3.7,364,4,21
Jhon Durán,2,0,136,75.0,29.9,65.0,16.6,0.5,62,0,1
Kortney Hause,0,0,0,0.0,0.0,0.0,0.0,0.0,0,0,0
Tim Iroegbunam,0,0,0,0.0,0.0,0.0,0.0,0.0,0,0,0
Boubacar Kamara,0,1,1347,215.4,263.9,36.0,51.7,1.3,200,5,18
Ezri Konsa Ngoyo,0,1,1578,296.6,84.5,110.0,49.3,3.3,301,4,22
Emiliano Martínez Romero,0,0,1530,411.4,10.0,0.0,42.1,4.7,309,4,21
John McGinn,4,2,1531,351.4,412.7,208.0,97.4,3.2,278,4,20
Tyrone Mings,0,0,30,3.6,13.0,5.0,2.2,0.0,5,0,2
Robin Olsen,0,0,90,12.0,0.0,0.0,1.2,0.0,12,0,1
Jaden Philogene-Bidace,0,0,3,0.4,0.3,2.0,0.3,0.0,3,0,1
Jacob Ramsey,1,0,312,65.0,60.1,63.0,18.9,1.3,43,0,3
Morgan Sanson,0,0,0,0.0,0.0,0.0,0.0,0.0,0,0,0
Viljami Sinisalo,0,0,0,0.0,0.0,0.0,0.0,0.0,0,0,0
Youri Tielemans,0,3,555,122.0,106.3,42.0,27.2,2.2,119,1,7
Bertrand Traoré,0,0,10,3.0,0.0,0.0,0.3,0.0,6,0,0
Ollie Watkins,9,9,1579,492.4,334.5,722.0,155.0,5.0,372,4,22
Wesley Moraes Ferreira da Silva,0,0,0,0.0,0.0,0.0,0.0,0.0,0,0,0
Pau Torres,2,0,1489,310.8,120.7,103.0,53.5,3.7,301,4,19
Moussa Diaby,3,7,1192,267.4,349.4,380.0,99.7,2.0,229,4,17
Omari Kellyman,0,0,0,0.0,0.0,0.0,0.0,0.0,0,0,0
Filip Marschall,0,0,0,0.0,0.0,0.0,0.0,0.0,0,0,0
Nicolò Zaniolo,1,0,484,67.8,72.1,218.0,35.3,1.0,3,1,6
Oliwier Zych,0,0,0,0.0,0.0,0.0,0.0,0.0,0,0,0
Clément Lenglet,0,0,90,14.0,16.4,6.0,3.6,0.3,12,0,1
Sam Proctor,0,0,0,0.0,0.0,0.0,0.0,0.0,0,0,0
Tommi O'Reilly,0,0,0,0.0,0.0,0.0,0.0,0.0,0,0,0
Jaidon Anthony,0,0,151,9.0,4.6,16.0,3.0,0.0,4,0,5
Philip Billing,2,3,1115,260.4,229.3,207.0,69.6,4.0,183,1,28
David Brooks,1,0,240,62.0,82.6,87.0,23.3,0.2,51,0,4
Ryan Christie,0,2,1322,256.0,311.0,206.0,77.6,3.5,186,4,27
Lewis Cook,0,1,999,189.6,220.3,18.0,42.9,3.5,166,4,18
Siriki Dembélé,0,0,0,0.0,0.0,0.0,0.0,0.0,0,0,0
Ryan Fredericks,0,0,0,0.0,0.0,0.0,0.0,0.0,0,0,0
James Hill,0,0,15,0.0,1.8,0.0,0.2,0.0,1,0,0
Lloyd Kelly,0,0,681,119.6,68.5,8.0,19.5,0.0,137,2,14
Gavin Kilkenny,0,0,0,0.0,0.0,0.0,0.0,0.0,0,0,0
Justin Kluivert,1,0,672,85.0,103.3,152.0,34.1,1.8,59,4,9
Jamal Lowe,0,0,0,0.0,0.0,0.0,0.0,0.0,0,0,0
Emiliano Marcondes,0,0,0,0.0,0.0,0.0,0.0,0.0,0,0,0
Chris Mepham,0,0,175,34.8,12.5,21.0,6.9,0.2,25,0,6
Kieffer Moore,1,0,93,37.4,17.6,80.0,13.1,2.0,39,0,1
Norberto Murara Neto,0,0,1350,437.0,0.0,0.0,43.8,4.2,296,4,25
Dango Ouattara,0,0,316,66.0,73.0,112.0,25.3,1.0,38,1,7
Ben Pearson,0,0,0,0.0,0.0,0.0,0.0,0.0,0,0,0
Darren Randolph,0,0,0,0.0,0.0,0.0,0.0,0.0,0,0,0
Joe Rothwell,0,0,380,45.8,63.9,5.0,11.6,0.5,54,0,12
Antoine Semenyo,3,2,743,184.0,139.0,297.0,61.9,2.2,132,3,13
Marcos Senesi,2,2,1025,364.2,124.4,53.0,54.4,8.5,226,3,22
Adam Smith,0,2,569,149.0,111.0,2.0,26.3,4.2,125,2,9
Dominic Solanke,11,1,1515,480.8,181.7,684.0,134.7,8.0,292,4,30
Marcus Tavernier,2,3,993,263.4,280.7,244.0,79.0,3.5,189,4,19
Hamed Traorè,0,0,44,12.8,14.8,30.0,5.7,0.0,10,0,1
Mark Travers,0,0,0,0.0,0.0,0.0,0.0,0.0,0,0,0
Illia Zabarnyi,0,0,1530,307.4,24.0,26.0,35.7,3.2,267,4,32
Milos Kerkez,0,1,1160,187.0,104.1,30.0,32.1,4.2,159,3,26
Ionuț Radu,0,0,180,33.0,0.0,0.0,3.3,0.0,31,0,7
Ben Greenwood,0,0,0,0.0,0.0,0.0,0.0,0.0,0,0,0
Max Aarons,0,1,949,149.4,95.0,20.0,26.5,0.0,161,2,24
Alex Scott,0,0,230,16.4,33.8,10.0,5.9,0.0,22,0,6
Tyler Adams,0,0,0,0.0,0.0,0.0,0.0,0.0,0,0,0
Luis Sinisterra,1,1,280,93.0,80.0,130.0,30.3,2.2,63,1,7
Kristoffer Ajer,0,1,723,122.8,94.4,107.0,32.3,0.2,117,2,13
Ellery Balcombe,0,0,0,0.0,0.0,0.0,0.0,0.0,0,0,0
Shandon Baptiste,1,0,188,63.8,24.7,39.0,12.6,2.2,57,0,5
Mads Bech Sørensen,0,0,0,0.0,0.0,0.0,0.0,0.0,0,0,0
Mads Bidstrup,0,0,0,0.0,0.0,0.0,0.0,0.0,0,0,0
Sergi Canós Tenés,0,0,0,0.0,0.0,0.0,0.0,0.0,0,0,0
Nathan Collins,1,1,1013,273.6,47.7,99.0,42.2,0.0,221,3,17
Matthew Cox,0,0,0,0.0,0.0,0.0,0.0,0.0,0,0,0
Mikkel Damsgaard,0,0,165,37.8,30.8,36.0,10.5,1.0,17,1,0
Josh Dasilva,0,0,9,0.0,0.0,2.0,0.1,0.0,3,0,0
Halil Dervişoğlu,0,0,0,0.0,0.0,0.0,0.0,0.0,0,0,0
Mark Flekken,0,0,1395,339.6,0.0,0.0,33.9,2.4,269,3,22
Charlie Goode,0,0,0,0.0,0.0,0.0,0.0,0.0,0,0,0
Rico Henry,0,1,401,72.8,67.9,17.0,15.7,0.0,74,1,5
Aaron Hickey,0,0,713,66.6,28.4,37.0,12.9,0.0,87,2,12
Vitaly Janelt,0,2,1376,199.2,294.2,129.0,62.2,2.6,198,4,17
Mathias Jensen,3,3,905,259.4,306.7,85.0,64.9,0.0,217,5,13
Keane Lewis-Potter,1,1,408,64.6,39.1,134.0,23.6,3.4,58,1,7
Bryan Mbeumo,7,4,1286,384.2,397.6,440.0,122.1,2.6,250,3,20
Ben Mee,1,1,672,156.4,68.6,63.0,28.8,3.4,116,0,13
Christian Nørgaard,1,1,1390,283.4,225.6,190.0,70.1,1.2,226,3,22
Frank Onyeka,0,1,705,133.2,120.5,101.0,35.4,1.2,82,1,17
Ethan Pinnock,1,0,1530,424.6,45.6,164.0,63.7,1.6,311,3,24
Mads Roerslev Rasmussen,0,0,600,110.2,91.8,13.0,21.6,0.6,106,1,10
Kevin Schade,1,1,255,48.2,42.0,62.0,15.1,0.0,40,1,2
Thomas Strakosha,0,0,135,42.8,0.0,0.0,4.3,0.0,24,0,2
Ivan Toney,0,0,0,0.0,0.0,0.0,0.0,0.0,0,0,0
Ryan Trevitt,0,0,0,0.0,0.0,0.0,0.0,0.0,0,0,0
Yoane Wissa,3,2,1368,207.0,169.0,424.0,79.3,1.6,169,6,17
Yegor Yarmoliuk,0,0,290,44.6,32.1,65.0,14.2,1.6,38,2,2
Mathias Jorgensen,0,0,97,19.2,18.1,0.0,3.8,0.4,20,0,2
Neal Maupay,2,2,682,148.4,130.7,348.0,62.5,2.6,107,2,14
Michael Olakigbe,0,0,37,3.8,2.8,24.0,3.0,0.4,7,0,0
Ethan Brierley,0,0,0,0.0,0.0,0.0,0.0,0.0,0,0,0
Saman Ghoddos,1,0,511,106.2,106.0,25.0,23.8,1.8,78,0,10
Ji-Soo Kim,0,0,0,0.0,0.0,0.0,0.0,0.0,0,0,0
Valintino Adedokun,0,0,0,0.0,0.0,0.0,0.0,0.0,0,0,0
Myles Peart-Harris,0,0,7,1.0,0.6,0.0,0.1,0.4,4,0,0
Vincent Angelini,0,0,0,0.0,0.0,0.0,0.0,0.0,0,0,0
Simon Adingra,4,1,1139,276.8,271.9,345.0,89.2,3.4,191,0,23
Steven Alzate,0,0,0,0.0,0.0,0.0,0.0,0.0,0,0,0
Yasin Ayari,0,0,0,0.0,0.0,0.0,0.0,0.0,0,0,0
Facundo Buonanotte,1,1,369,74.2,72.6,53.0,20.0,2.2,44,0,6
Aaron Connolly,0,0,0,0.0,0.0,0.0,0.0,0.0,0,0,0
Mahmoud Dahoud,0,1,449,70.4,127.2,24.0,21.7,0.2,68,1,6
Lewis Dunk,1,0,1326,349.2,93.4,149.0,59.2,1.0,209,0,26
Julio Enciso,0,2,68,39.0,25.0,30.0,9.4,0.0,30,0,1
Pervis Estupiñán,1,3,495,162.8,177.9,110.0,45.0,0.0,112,0,10
Evan Ferguson,6,0,913,254.8,76.7,294.0,62.6,1.2,185,1,20
Billy Gilmour,0,3,1095,169.0,308.3,79.0,55.6,1.4,207,2,21
Pascal Groß,3,6,1371,484.4,709.8,264.0,145.9,5.4,325,1,21
João Pedro Junqueira de Jesus,5,1,958,300.2,216.0,438.0,95.5,2.2,190,1,18
Michał Karbownik,0,0,0,0.0,0.0,0.0,0.0,0.0,0,0,0
Kacper Kozłowski,0,0,0,0.0,0.0,0.0,0.0,0.0,0,0,0
Adam Lallana,0,1,479,44.4,133.5,46.0,22.4,1.4,49,1,8
Tariq Lamptey,0,2,171,44.0,31.1,7.0,8.2,0.0,48,0,6
Solly March,3,1,555,197.4,126.5,139.0,46.4,0.0,134,2,11
Tom McGill,0,0,0,0.0,0.0,0.0,0.0,0.0,0,0,0
James Milner,0,1,521,103.8,148.6,29.0,28.2,1.2,92,1,10
Kaoru Mitoma,3,5,1320,294.2,346.3,547.0,118.9,2.0,211,0,25
Jakub Moder,0,0,26,8.6,0.4,0.0,0.9,0.4,11,0,0
Jeremy Sarmiento Morante,0,0,0,0.0,0.0,0.0,0.0,0.0,0,0,0
Kjell Scherpen,0,0,0,0.0,0.0,0.0,0.0,0.0,0,0,0
Jason Steele,0,0,810,204.6,0.1,0.0,20.5,0.6,143,0,17
Deniz Undav,0,0,0,0.0,0.0,0.0,0.0,0.0,0,0,0
Jan Paul van Hecke,0,0,1018,310.8,62.1,71.0,44.5,1.4,177,0,15
Joël Veltman,0,1,908,180.4,55.3,49.0,28.5,0.6,157,0,20
Bart Verbruggen,0,0,810,232.6,0.0,0.0,23.3,1.4,157,0,14
Adam Webster,0,0,540,108.6,26.6,19.0,15.5,0.0,89,0,13
Danny Welbeck,2,0,463,104.6,96.5,118.0,32.0,1.8,77,2,8
Andi Zeqiri,0,0,0,0.0,0.0,0.0,0.0,0.0,0,0,0
Igor Julio dos Santos de Paulo,0,0,657,126.4,66.8,10.0,20.3,1.0,121,0,12
Jack Hinshelwood,1,0,436,84.8,52.6,133.0,27.0,3.0,60,0,12
Carlos Baleba,0,0,519,94.0,68.9,24.0,18.7,0.8,71,0,12
Anssumane Fati Vieira,2,0,286,97.0,54.5,176.0,32.7,0.0,55,1,6
Mark O’Mahony,0,0,0,0.0,0.0,0.0,0.0,0.0,0,0,0
Benicio Baker-Boaitey,0,0,12,3.6,1.0,0.0,0.4,0.4,6,0,0
Ben Jackson,0,0,0,0.0,0.0,0.0,0.0,0.0,0,0,0
Joshua Duffus,0,0,0,0.0,0.0,0.0,0.0,0.0,0,0,0
Leigh Kavanagh,0,0,0,0.0,0.0,0.0,0.0,0.0,0,0,0
Luca Barrington,0,0,0,0.0,0.0,0.0,0.0,0.0,0,0,0
Enock Agyei,0,0,0,0.0,0.0,0.0,0.0,0.0,0,0,0
Ameen Al-Dakhil,0,0,875,121.2,30.9,34.0,18.6,0.2,99,0,22
Samuel Bastien,0,0,0,0.0,0.0,0.0,0.0,0.0,0,0,0
Manuel Benson Hedilazio,0,0,73,8.0,9.1,22.0,4.0,0.2,11,0,3
Jordan Beyer,0,1,1128,294.4,45.1,25.0,36.6,3.8,222,2,21
Josh Brownhill,3,0,1319,270.4,244.4,122.0,64.0,3.2,241,2,26
Darko Churlinov,0,0,0,0.0,0.0,0.0,0.0,0.0,0,0,0
Jack Cork,0,0,16,1.8,0.9,2.0,0.5,0.0,2,0,0
Dara Costelloe,0,0,0,0.0,0.0,0.0,0.0,0.0,0,0,0
Josh Cullen,0,1,844,128.8,114.2,18.0,26.1,0.0,119,0,24
CJ Egan-Riley,0,0,0,0.0,0.0,0.0,0.0,0.0,0,0,0
Hjalmar Ekdal,0,0,105,14.6,12.0,2.0,2.8,0.6,20,0,1
Lyle Foster,3,3,718,196.6,105.8,162.0,46.4,1.2,121,2,19
Denis Franchi,0,0,0,0.0,0.0,0.0,0.0,0.0,0,0,0
Jóhann Berg Gudmundsson,0,1,651,107.0,328.9,66.0,50.3,0.6,98,1,11
Luke McNally,0,0,0,0.0,0.0,0.0,0.0,0.0,0,0,0
Arijanet Muric,0,0,0,0.0,0.0,0.0,0.0,0.0,0,0,0
Dara O'Shea,0,2,1207,316.2,73.5,89.0,48.1,3.6,212,2,30
Michael Obafemi,0,0,19,0.0,0.6,17.0,1.7,0.2,4,0,0
Bailey Peacock-Farrell,0,0,0,0.0,0.0,0.0,0.0,0.0,0,0,0
Connor Roberts,0,1,754,136.2,92.8,8.0,23.6,0.4,107,0,21
Jay Rodriguez,2,1,695,129.8,50.7,206.0,38.0,3.0,98,1,14
Charlie Taylor,1,1,1260,247.0,110.7,28.0,38.7,3.6,208,2,23
Bobby Thomas,0,0,0,0.0,0.0,0.0,0.0,0.0,0,0,0
Scott Twine,0,0,0,0.0,0.0,0.0,0.0,0.0,0,0,0
Lawrence Vigouroux,0,0,0,0.0,0.0,0.0,0.0,0.0,0,0,0
Victor da Silva,0,0,955,91.8,60.4,41.0,19.3,3.4,115,2,18
Wout Weghorst,0,0,0,0.0,0.0,0.0,0.0,0.0,0,0,0
Anass Zaroury,0,0,135,3.8,31.6,19.0,4.8,0.0,5,0,4
Sander Berge,1,1,1327,236.0,163.4,90.0,49.0,3.4,187,2,29
Zeki Amdouni,2,1,1228,209.0,152.1,300.0,66.2,3.8,130,4,22
James Trafford,0,0,1620,592.0,0.1,0.0,59.3,5.6,364,2,36
Nathan Redmond,0,0,127,23.4,52.0,16.0,9.1,0.8,35,0,4
Luca Koleosho,1,2,972,86.8,147.9,213.0,44.5,1.8,80,3,23
Jacob Bruun Larsen,2,0,441,106.0,161.7,142.0,40.6,2.6,85,1,8
Owen Dodgson,0,0,0,0.0,0.0,0.0,0.0,0.0,0,0,0
Wilson Odobert,3,1,403,169.4,94.8,102.0,36.6,4.6,121,1,10
Hannes Delcroix,0,0,309,56.8,37.5,42.0,13.6,0.4,55,0,13
Aaron Ramsey,0,0,255,23.2,21.3,24.0,6.7,0.2,33,0,8
Han-Noah Massengo,0,0,0,0.0,0.0,0.0,0.0,0.0,0,0,0
Mike Trésor,0,0,314,32.0,92.9,24.0,15.0,1.0,47,0,6
Moisés Caicedo Corozo,0,0,1183,174.8,148.6,27.0,34.6,1.8,160,3,19
Robert Sánchez,0,0,1433,450.6,0.1,0.0,45.2,3.2,317,3,25
Ethan Ampadu,0,0,0,0.0,0.0,0.0,0.0,0.0,0,0,0
Kepa Arrizabalaga,0,0,0,0.0,0.0,0.0,0.0,0.0,0,0,0
Pierre-Emerick Aubameyang,0,0,0,0.0,0.0,0.0,0.0,0.0,0,0,0
César Azpilicueta,0,0,0,0.0,0.0,0.0,0.0,0.0,0,0,0
Abdul Rahman Baba,0,0,0,0.0,0.0,0.0,0.0,0.0,0,0,0
Benoît Badiashile,0,1,370,108.8,36.0,25.0,16.9,3.0,88,1,9
Marcus Bettinelli,0,0,0,0.0,0.0,0.0,0.0,-0.2,-3,0,0
Armando Broja,1,1,303,38.6,26.0,98.0,15.8,1.2,45,1,5
Trevoh Chalobah,0,0,0,0.0,0.0,0.0,0.0,0.0,0,0,0
Ben Chilwell,0,1,334,57.0,136.4,88.0,28.1,0.0,66,1,5
Carney Chukwuemeka,1,0,125,34.8,25.1,39.0,9.9,0.0,23,0,2
Levi Colwill,1,1,1360,283.2,95.5,153.0,53.2,3.4,280,4,20
Marc Cucurella Saseta,0,0,703,148.4,92.3,58.0,29.9,0.6,104,1,14
Enzo Fernández,2,1,1253,256.0,281.5,248.0,78.5,3.8,197,4,21
David Datro Fofana,0,0,0,0.0,0.0,0.0,0.0,0.0,0,0,0
Wesley Fofana,0,0,0,0.0,0.0,0.0,0.0,0.0,0,0,0
Conor Gallagher,0,5,1417,309.2,375.7,157.0,83.7,0.6,262,4,24
Malo Gusto,0,2,618,115.4,99.8,38.0,25.3,0.4,139,2,8
Reece James,0,1,386,115.2,156.9,59.0,33.2,0.4,95,0,12
Romelu Lukaku Bolingoli,0,0,0,0.0,0.0,0.0,0.0,0.0,0,0,0
Noni Madueke,0,0,129,12.0,49.1,45.0,10.6,0.2,25,0,4
Mykhailo Mudryk,2,3,730,140.0,199.8,136.0,47.4,3.0,132,4,10
Nicolas Jackson,7,1,1269,343.6,191.1,589.0,112.0,3.0,197,4,22
Christopher Nkunku,1,0,32,38.2,3.2,62.0,10.3,1.4,27,0,1
Christian Pulisic,0,0,0,0.0,0.0,0.0,0.0,0.0,0,0,0
Malang Sarr,0,0,0,0.0,0.0,0.0,0.0,0.0,0,0,0
Gabriel Słonina,0,0,0,0.0,0.0,0.0,0.0,0.0,0,0,0
Raheem Sterling,5,6,1419,340.6,358.3,519.0,121.7,3.0,231,3,25
Thiago Emiliano da Silva,1,0,1530,408.0,78.9,78.0,56.7,2.4,335,4,26
Hakim Ziyech,0,0,0,0.0,0.0,0.0,0.0,0.0,0,0,0
Cole Palmer,6,4,1060,375.4,366.3,339.0,107.9,5.0,266,2,20
Ângelo Gabriel Borges Damaceno,0,0,0,0.0,0.0,0.0,0.0,0.0,0,0,0
Ian Maatsen,0,0,143,24.4,43.0,19.0,8.6,0.8,28,0,4
Axel Disasi,1,0,1416,303.6,66.7,82.0,45.3,2.2,268,4,21
Lesley Ugochukwu,0,0,269,47.0,22.0,2.0,7.1,0.2,53,1,6
Mason Burstow,0,0,8,0.4,0.6,2.0,0.3,0.0,6,0,1
Lucas Bergström,0,0,0,0.0,0.0,0.0,0.0,0.0,0,0,0
Roméo Lavia,0,0,0,0.0,0.0,0.0,0.0,0.0,0,0,0
Bashir Humphreys,0,0,0,0.0,0.0,0.0,0.0,0.0,0,0,0
Deivid Washington de Souza Eugênio,0,0,9,0.0,0.1,4.0,0.4,0.0,3,0,1
Eddie Beach,0,0,0,0.0,0.0,0.0,0.0,0.0,0,0,0
Diego Manuel Jadon da Silva Moreira,0,0,0,0.0,0.0,0.0,0.0,0.0,0,0,0
Djordje Petrovic,0,0,186,32.0,0.0,0.0,3.2,1.8,39,1,3
Alfie Gilchrist,0,0,0,0.0,0.0,0.0,0.0,0.0,0,0,0
Ronnie Stutter,0,0,0,0.0,0.0,0.0,0.0,0.0,0,0,0
Alex Matos,0,0,1,0.0,0.0,0.0,0.0,0.0,2,0,0
Josh Brooking,0,0,0,0.0,0.0,0.0,0.0,0.0,0,0,0
Leo Castledine,0,0,0,0.0,0.0,0.0,0.0,0.0,0,0,0
Rob Holding,0,0,0,0.0,0.0,0.0,0.0,0.0,0,0,0
Naouirou Ahamada,0,0,123,9.6,17.6,9.0,3.7,0.4,27,0,5
Joachim Andersen,2,1,1620,483.6,183.6,178.0,84.5,1.0,342,5,26
Jordan Ayew,2,3,1378,264.0,203.5,356.0,82.3,2.2,149,6,20
Nathaniel Clyne,0,0,461,50.8,11.1,12.0,7.5,1.2,68,1,6
Cheick Doucouré,0,0,920,165.8,138.5,36.0,34.2,0.0,141,3,12
Malcolm Ebiowei,0,0,0,0.0,0.0,0.0,0.0,0.0,0,0,0
Odsonne Edouard,6,0,1243,295.0,183.6,485.0,96.6,2.2,197,4,16
Eberechi Eze,2,2,818,225.4,332.7,265.0,82.4,0.4,147,3,11
Vicente Guaita,0,0,0,0.0,0.0,0.0,0.0,0.0,0,0,0
Marc Guéhi,0,0,1530,326.2,52.3,35.0,41.4,1.4,298,5,23
Will Hughes,0,0,963,166.8,202.4,39.0,40.7,1.0,115,4,19
Sam Johnstone,0,0,1436,254.4,0.0,0.0,25.6,1.0,254,5,22
Jefferson Lerma Solís,0,1,1126,161.6,226.7,168.0,55.6,1.6,157,3,18
Jean-Philippe Mateta,2,4,623,167.6,148.7,167.0,48.3,4.4,135,2,15
Remi Matthews,0,0,3,1.0,0.0,0.0,0.1,0.2,3,0,1
Tyrick Mitchell,1,1,1447,302.0,160.8,50.0,51.3,1.0,273,5,23
Jake O'Brien,0,0,0,0.0,0.0,0.0,0.0,0.0,0,0,0
Michael Olise,2,1,495,159.2,253.2,122.0,53.6,4.0,135,0,11
Luke Plange,0,0,0,0.0,0.0,0.0,0.0,0.0,0,0,0
Chris Richards,0,0,561,118.8,16.4,8.0,14.3,1.2,80,0,11
Jairo Riedewald,0,0,174,9.4,5.0,8.0,2.2,0.6,18,1,2
Jeffrey Schlupp,1,1,1068,184.8,157.6,172.0,51.2,1.8,125,4,14
James Tomkins,0,0,1,0.2,0.0,0.0,0.0,0.0,3,0,0
Joel Ward,0,1,1332,219.6,69.4,31.0,31.9,1.0,198,4,23
Joe Whitworth,0,0,0,0.0,0.0,0.0,0.0,0.0,0,0,0
Dean Henderson,0,0,180,86.2,0.0,0.0,8.6,1.0,39,0,3
Matheus França de Oliveira,0,0,40,6.8,53.2,9.0,6.8,0.2,11,0,0
Jesurun Rak-Sakyi,0,0,132,23.2,28.2,58.0,11.0,0.0,21,1,3
John-Kymani Gordon,0,0,0,0.0,0.0,0.0,0.0,0.0,0,0,0
Ademola Ola-Adebomi,0,0,0,0.0,0.0,0.0,0.0,0.0,0,0,0
David Ozoh,0,0,91,14.6,2.2,0.0,1.7,0.4,8,0,2
Jadan Raymond,0,0,0,0.0,0.0,0.0,0.0,0.0,0,0,0
Tayo Adaramola,0,0,0,0.0,0.0,0.0,0.0,0.0,0,0,0
André Tavares Gomes,1,0,66,33.2,25.9,23.0,8.2,1.2,24,1,0
Jarrad Branthwaite,0,0,1350,282.6,42.2,56.0,38.0,3.7,255,5,17
Dominic Calvert-Lewin,3,1,975,150.2,90.1,425.0,65.6,2.0,97,6,13
Seamus Coleman,0,0,66,11.2,1.4,2.0,1.5,1.0,25,1,0
Dele Alli,0,0,0,0.0,0.0,0.0,0.0,0.0,0,0,0
Abdoulaye Doucouré,6,2,1442,339.0,293.6,447.0,108.3,4.0,244,5,20
James Garner,1,1,1426,273.2,332.1,134.0,73.9,2.0,215,5,21
Jean-Philippe Gbamin,0,0,0,0.0,0.0,0.0,0.0,0.0,0,0,0
Ben Godfrey,0,0,91,9.6,0.8,0.0,1.0,1.0,24,1,0
Demarai Gray,0,0,0,0.0,0.0,0.0,0.0,0.0,0,0,0
Idrissa Gueye,1,0,1013,158.6,139.3,84.0,38.2,1.0,145,2,17
Mason Holgate,0,0,0,0.0,0.0,0.0,0.0,0.0,0,0,0
Michael Keane,1,0,316,94.4,3.3,83.0,18.1,2.3,56,1,7
Dwight McNeil,2,3,1202,296.2,387.2,226.0,91.0,5.8,200,6,11
Vitalii Mykolenko,2,1,1167,301.8,95.0,161.0,55.7,3.5,238,5,13
Amadou Onana,1,0,1133,161.2,153.1,169.0,48.5,2.2,166,3,16
Nathan Patterson,0,2,793,179.8,114.9,24.0,32.0,2.2,164,2,13
Jordan Pickford,0,0,1620,361.6,40.2,0.0,40.1,5.5,314,6,22
Ellis Simms,0,0,0,0.0,0.0,0.0,0.0,0.0,0,0,0
James Tarkowski,1,1,1620,418.0,126.7,164.0,71.1,4.7,319,6,22
João Neves Virgínia,0,0,0,0.0,0.0,0.0,0.0,0.0,0,0,0
Andy Lonergan,0,0,0,0.0,0.0,0.0,0.0,0.0,0,0,0
Ashley Young,0,0,1209,147.6,238.6,28.0,41.6,2.5,177,3,19
Arnaut Danjuma Groeneveld,1,0,410,68.8,63.1,239.0,37.2,0.3,36,0,9
Lewis Dobbin,1,0,167,55.6,13.5,43.0,11.1,1.3,37,1,2
Youssef Ramalho Chermiti,0,0,46,0.0,13.5,17.0,2.7,0.3,13,0,2
Thomas Cannon,0,0,1,0.0,0.0,0.0,0.0,0.0,3,0,0
Tyler Onyango,0,0,1,0.0,0.0,0.0,0.0,0.0,3,0,0
Jack Harrison,1,3,947,189.8,203.2,150.0,54.3,2.7,133,6,8
Norberto Bercique Gomes Betuncal,1,0,425,63.8,76.2,170.0,30.2,1.5,44,2,5
Mackenzie Hunt,0,0,0,0.0,0.0,0.0,0.0,0.0,0,0,0
Jenson Metcalfe,0,0,0,0.0,0.0,0.0,0.0,0.0,0,0,0
Elijah Campbell,0,0,0,0.0,0.0,0.0,0.0,0.0,0,0,0
Alex Iwobi,3,1,1084,246.4,283.9,292.0,82.3,5.8,200,3,17
Andreas Hoelgebaum Pereira,1,6,1219,232.0,513.2,123.0,86.8,4.8,227,6,20
Tom Cairney,1,4,644,149.2,142.3,88.0,38.1,4.5,178,2,11
Ivan Neves Abreu Cavaleiro,0,0,0,0.0,0.0,0.0,0.0,0.0,0,0,0
Bobby De Cordova-Reid,3,1,686,145.4,91.9,168.0,40.0,1.5,121,1,19
Issa Diop,0,0,790,172.4,16.9,25.0,21.5,0.2,144,3,16
Tyrese Francois,0,0,0,0.0,0.0,0.0,0.0,0.0,0,0,0
Anthony Knockaert,0,0,0,0.0,0.0,0.0,0.0,0.0,0,0,0
Terence Kongolo,0,0,0,0.0,0.0,0.0,0.0,0.0,0,0,0
Bernd Leno,0,0,1620,585.8,0.1,0.0,58.5,3.7,402,5,31
Saša Lukić,0,0,377,46.2,49.5,30.0,12.3,0.5,47,1,8
Kevin Mbabu,0,0,0,0.0,0.0,0.0,0.0,0.0,0,0,0
Aleksandar Mitrović,0,0,32,6.4,0.3,26.0,3.3,0.0,6,0,0
Rodrigo Muniz Carvalho,0,0,224,11.2,54.8,78.0,13.9,0.5,9,1,5
João Palhinha Gonçalves,2,1,1227,315.8,86.6,134.0,53.6,2.0,172,4,21
Tim Ream,1,0,1143,231.4,15.9,45.0,29.2,0.0,198,3,24
Harrison Reed,0,1,786,119.6,137.7,16.0,27.3,1.2,129,3,18
Antonee Robinson,0,3,1486,364.8,218.5,75.0,66.0,3.7,307,4,31
Marek Rodák,0,0,0,0.0,0.0,0.0,0.0,0.0,-3,0,0
Kenny Tete,1,0,530,131.2,62.4,46.0,24.0,1.2,99,2,12
Tosin Adarabioyo,1,0,362,135.0,14.1,27.0,17.6,3.8,96,2,5
Carlos Vinícius Alves Morais,2,0,298,83.6,60.8,139.0,28.1,1.3,74,0,4
Harry Wilson,2,4,1007,207.4,192.9,191.0,59.0,4.7,176,3,18
Raúl Jiménez,4,0,1014,205.0,129.5,281.0,60.7,4.0,154,4,25
Willian Borges da Silva,4,2,1000,252.4,298.4,242.0,79.1,4.7,214,4,15
Calvin Bassey,0,0,935,167.6,9.7,13.0,19.1,2.2,159,2,18
Luc De Fougerolles,0,0,0,0.0,0.0,0.0,0.0,0.0,0,0,0
Jay Stansfield,0,0,0,0.0,0.0,0.0,0.0,0.0,0,0,0
Matthew Dibley-Dias,0,0,0,0.0,0.0,0.0,0.0,0.0,0,0,0
Adama Traoré,0,0,40,9.6,5.0,21.0,3.5,0.0,9,0,3
Luke Harris,0,0,74,3.2,0.7,17.0,2.1,0.0,2,0,5
Timothy Castagne,0,0,1172,203.6,162.6,89.0,45.5,2.7,226,4,18
Steven Benda,0,0,0,0.0,0.0,0.0,0.0,0.0,0,0,0
Fodé Ballo-Touré,0,0,41,10.0,1.2,2.0,1.4,0.3,9,0,0
Devan Tanton,0,0,0,0.0,0.0,0.0,0.0,0.0,0,0,0
Adrián San Miguel del Castillo,0,0,0,0.0,0.0,0.0,0.0,0.0,0,0,0
Trent Alexander-Arnold,2,4,1318,377.2,662.1,133.0,117.3,8.6,393,6,13
Alisson Ramses Becker,0,0,1440,405.0,10.1,0.0,41.4,2.2,346,5,13
Stefan Bajcetic,0,0,0,0.0,0.0,0.0,0.0,0.0,0,0,0
Darwin Núñez Ribeiro,4,7,965,280.4,187.2,506.0,97.4,1.8,177,4,9
Diogo Teixeira da Silva,4,2,632,186.6,154.6,315.0,65.5,0.0,131,3,5
Harvey Elliott,1,2,332,99.0,109.9,72.0,27.9,1.8,104,0,2
Fabio Henrique Tavares,0,0,0,0.0,0.0,0.0,0.0,0.0,0,0,0
Cody Gakpo,2,0,713,125.8,105.8,203.0,42.9,1.4,98,2,9
Joe Gomez,0,0,743,148.4,146.9,77.0,37.2,1.8,153,3,5
Jordan Henderson,0,0,0,0.0,0.0,0.0,0.0,0.0,0,0,0
Curtis Jones,0,1,458,65.6,49.1,42.0,15.2,1.6,56,1,6
Caoimhin Kelleher,0,0,180,32.6,0.0,0.0,3.2,1.4,41,1,3
Ibrahima Konaté,0,0,791,196.6,67.0,60.0,32.3,3.0,182,4,8
Luis Díaz,3,1,1064,175.8,263.6,339.0,77.7,2.2,130,4,12
Alexis Mac Allister,1,1,1086,197.0,164.6,31.0,39.2,2.0,164,3,12
Joel Matip,0,0,779,192.8,33.3,35.0,26.1,0.2,145,2,9
Nathaniel Phillips,0,0,0,0.0,0.0,0.0,0.0,0.0,0,0,0
Andrew Robertson,1,0,720,196.2,284.3,46.0,52.7,0.0,167,1,9
Mohamed Salah,12,7,1560,666.6,564.2,771.0,200.4,6.2,410,6,15
Dominik Szoboszlai,2,4,1505,306.2,481.0,196.0,98.3,3.6,315,7,14
Thiago Alcántara do Nascimento,0,0,0,0.0,0.0,0.0,0.0,0.0,0,0,0
Konstantinos Tsimikas,0,3,662,154.8,248.4,26.0,43.0,2.8,191,4,7
Sepp van den Berg,0,0,0,0.0,0.0,0.0,0.0,0.0,0,0,0
Virgil van Dijk,1,2,1377,459.6,96.7,206.0,76.4,5.0,317,5,15
Jarell Quansah,0,0,171,35.0,3.8,0.0,3.9,0.2,36,0,1
Bobby Clark,0,0,0,0.0,0.0,0.0,0.0,0.0,0,0,0
Ben Doak,0,0,13,0.2,0.8,0.0,0.1,0.0,3,0,0
James McConnell,0,0,1,1.0,0.0,0.0,0.1,0.0,3,0,0
Wataru Endo,1,0,533,97.2,40.4,16.0,15.2,2.4,85,3,3
Ryan Gravenberch,0,0,530,72.2,99.0,101.0,27.1,1.6,68,2,6
Luke Chambers,0,0,0,0.0,0.0,0.0,0.0,0.0,0,0,0
Callum Scanlon,0,0,0,0.0,0.0,0.0,0.0,0.0,0,0,0
Treymaurice Nyoni,0,0,0,0.0,0.0,0.0,0.0,0.0,0,0,0
Marcelo de Araújo Pitaluga Filho,0,0,0,0.0,0.0,0.0,0.0,0.0,0,0,0
Conor Bradley,0,0,0,0.0,0.0,0.0,0.0,0.0,0,0,0
Albert Sambi Lokonga,0,0,227,16.8,17.5,11.0,4.5,1.0,23,1,2
Marvelous Nakamba,0,0,1131,146.4,102.8,14.0,26.5,0.2,131,0,24
Elijah Adebayo,4,0,652,165.6,105.7,211.0,48.3,4.0,128,1,15
Mads Juel Andersen,1,0,385,122.4,1.8,27.0,15.2,0.2,72,0,6
Amari'i Bell,0,0,995,199.6,82.0,42.0,32.3,2.2,143,1,22
Luke Berry,0,0,26,0.0,0.0,2.0,0.2,0.0,6,0,1
Reece Burke,0,1,595,131.2,73.8,51.0,25.6,0.0,79,0,12
Allan Campbell,0,0,0,0.0,0.0,0.0,0.0,0.0,0,0,0
Jordan Clark,0,0,79,16.8,11.8,2.0,3.1,0.8,12,0,3
Alfie Doughty,0,3,1147,238.8,457.4,79.0,77.5,4.2,207,1,23
Luke Freeman,0,0,0,0.0,0.0,0.0,0.0,0.0,0,0,0
Matt Macey,0,0,0,0.0,0.0,0.0,0.0,0.0,0,0,0
John McAtee,0,0,0,0.0,0.0,0.0,0.0,0.0,0,0,0
Carlos Mendes Gomes,0,0,0,0.0,0.0,0.0,0.0,0.0,0,0,0
Carlton Morris,3,2,1200,185.0,121.0,310.0,61.4,1.2,145,2,24
Admiral Muskwe,0,0,0,0.0,0.0,0.0,0.0,0.0,0,0,0
Chiedozie Ogbene,1,1,945,154.8,160.4,143.0,45.9,0.8,152,1,18
Fred Onyedinma,0,0,0,0.0,0.0,0.0,0.0,0.0,0,0,0
Gabriel Osho,1,0,596,189.8,3.1,23.0,21.6,3.2,101,1,12
Aribim Pepple,0,0,0,0.0,0.0,0.0,0.0,0.0,0,0,0
Dion Pereira,0,0,0,0.0,0.0,0.0,0.0,0.0,0,0,0
Dan Potts,0,0,0,0.0,0.0,0.0,0.0,0.0,0,0,0
Glen Rea,0,0,0,0.0,0.0,0.0,0.0,0.0,0,0,0
James Shea,0,0,0,0.0,0.0,0.0,0.0,0.0,0,0,0
Joe Taylor,0,0,0,0.0,0.0,0.0,0.0,0.0,0,0,0
Elliot Thorpe,0,0,0,0.0,0.0,0.0,0.0,0.0,0,0,0
Jack Walton,0,0,0,0.0,0.0,0.0,0.0,0.0,0,0,0
Louie Watson,0,0,0,0.0,0.0,0.0,0.0,0.0,0,0,0
Cauley Woodrow,0,0,74,26.0,49.3,32.0,10.6,0.0,29,0,2
Teden Mengi,1,0,950,222.4,6.3,54.0,28.4,1.8,136,1,18
Ryan Giles,0,0,427,69.0,96.8,36.0,20.3,1.0,66,0,12
Tom Lockyer,1,1,1169,286.2,39.2,80.0,40.6,0.5,162,0,23
Pelly Ruddock Mpanzu,0,0,718,70.8,68.6,41.0,18.0,1.0,68,1,14
Tahith Chong,1,0,679,93.4,54.3,101.0,24.5,0.8,60,0,17
Issa Kaboré,0,2,1002,178.8,157.5,50.0,38.5,0.5,135,0,21
Thomas Kaminski,0,0,1530,502.2,0.0,0.0,50.2,2.5,277,1,32
Ross Barkley,1,2,893,176.0,170.9,103.0,44.8,4.5,142,1,20
Jacob Brown,2,1,867,142.0,111.1,222.0,46.7,2.8,105,1,22
Aidan Francis-Clarke,0,0,0,0.0,0.0,0.0,0.0,0.0,0,0,0
Tim Krul,0,0,0,0.0,0.0,0.0,0.0,0.0,0,0,0
Joseph Johnson,0,0,0,0.0,0.0,0.0,0.0,0.0,0,0,0
Andros Townsend,1,3,473,115.6,103.8,71.0,29.0,5.5,117,3,9
Jayden Luker,0,0,0,0.0,0.0,0.0,0.0,0.0,0,0,0
Zack Nelson,0,0,0,0.0,0.0,0.0,0.0,0.0,0,0,0
Manuel Akanji,2,0,1081,258.6,112.9,71.0,44.3,1.0,222,3,15
Nathan Aké,2,1,825,219.8,96.3,149.0,46.5,1.0,205,1,11
Julián Álvarez,4,8,1409,345.0,595.9,339.0,128.0,3.5,333,6,15
Bernardo Veiga de Carvalho e Silva,4,3,1178,377.2,420.4,254.0,105.2,3.8,302,2,17
Oscar Bobb,0,2,69,30.4,45.1,8.0,8.3,0.2,41,0,2
João Cancelo,0,0,0,0.0,0.0,0.0,0.0,0.0,0,0,0
Scott Carson,0,0,0,0.0,0.0,0.0,0.0,0.0,0,0,0
Shea Charles,0,0,0,0.0,0.0,0.0,0.0,0.0,0,0,0
Kevin De Bruyne,0,0,22,2.4,18.8,1.0,2.2,0.0,4,0,0
Rúben Gato Alves Dias,0,0,1275,279.8,100.5,104.0,48.6,1.5,225,3,18
Ederson Santana de Moraes,0,0,1440,284.8,10.0,0.0,29.3,1.8,261,4,19
Phil Foden,4,4,1334,355.2,457.8,412.0,122.7,4.8,304,5,17
Jack Grealish,3,1,543,191.2,197.2,181.0,57.0,5.8,144,2,8
Erling Haaland,14,5,1294,588.6,197.5,810.0,159.8,2.2,417,4,16
Mateo Kovačić,0,0,667,82.0,131.6,48.0,26.1,1.0,122,3,8
Aymeric Laporte,0,0,11,11.4,0.1,17.0,2.9,0.0,4,0,0
Rico Lewis,1,0,340,61.0,71.0,42.0,17.4,3.5,104,3,4
Riyad Mahrez,0,0,0,0.0,0.0,0.0,0.0,0.0,0,0,0
Stefan Ortega Moreno,0,0,90,18.6,0.0,0.0,1.9,0.0,12,0,1
Máximo Perrone,0,0,0,0.0,0.0,0.0,0.0,0.0,0,0,0
Kalvin Phillips,0,0,89,16.2,9.3,6.0,3.1,0.0,14,0,2
Rodrigo Hernandez,3,3,1180,362.2,296.6,213.0,87.1,1.0,257,4,15
Sergio Gómez,0,1,15,19.4,14.6,4.0,3.8,0.0,17,0,0
Zack Steffen,0,0,0,0.0,0.0,0.0,0.0,0.0,0,0,0
John Stones,0,0,368,51.4,47.5,8.0,10.7,0.8,86,2,3
Kyle Walker,0,1,1530,227.6,313.5,56.0,59.7,1.5,307,4,20
Matheus Luiz Nunes,0,1,408,80.2,81.9,28.0,19.0,0.5,58,1,9
Joško Gvardiol,0,0,1065,193.0,139.4,115.0,44.8,1.2,195,3,14
Jérémy Doku,2,5,693,273.6,263.0,327.0,86.4,0.2,211,0,11
Mahamadou Susoho,0,0,0,0.0,0.0,0.0,0.0,0.0,0,0,0
Mason Mount,0,0,397,53.0,86.3,40.0,18.0,0.0,51,1,6
Alex Telles,0,0,0,0.0,0.0,0.0,0.0,0.0,0,0,0
Amad Diallo,0,0,0,0.0,0.0,0.0,0.0,0.0,0,0,0
Antony Matheus dos Santos,0,0,836,110.6,225.0,152.0,48.3,1.5,99,3,10
Bruno Borges Fernandes,3,3,1530,428.0,725.2,313.0,146.6,1.7,287,5,23
Brandon Williams,0,0,0,0.0,0.0,0.0,0.0,0.0,0,0,0
Eric Bailly,0,0,0,0.0,0.0,0.0,0.0,0.0,0,0,0
Carlos Henrique Casimiro,1,0,648,167.2,112.6,123.0,40.3,0.0,94,2,11
Diogo Dalot Teixeira,1,1,1374,315.6,317.3,82.0,71.6,3.2,304,5,20
Christian Eriksen,1,1,608,149.0,129.9,59.0,33.9,0.2,138,1,12
Álvaro Fernández Carreras,0,0,0,0.0,0.0,0.0,0.0,0.0,0,0,0
Frederico Rodrigues de Paula Santos,0,0,0,0.0,0.0,0.0,0.0,0.0,0,0,0
Alejandro Garnacho,1,1,882,121.4,211.3,380.0,70.8,3.5,93,5,11
Hannibal Mejbri,1,0,130,48.2,29.8,13.0,9.0,0.3,33,1,1
Tom Heaton,0,0,0,0.0,0.0,0.0,0.0,0.0,0,0,0
Victor Lindelöf,1,1,898,199.4,93.7,40.0,33.4,1.2,201,3,10
Harry Maguire,0,2,836,218.8,39.4,60.0,32.0,2.2,173,3,12
Kobbie Mainoo,0,0,321,62.6,26.7,15.0,10.5,1.5,46,2,3
Tyrell Malacia,0,0,0,0.0,0.0,0.0,0.0,0.0,0,0,0
Anthony Martial,1,1,439,67.2,85.0,97.0,24.5,2.3,73,1,6
Lisandro Martínez,0,1,375,74.0,43.5,2.0,11.9,0.0,74,0,8
Scott McTominay,5,0,1056,319.4,75.8,313.0,71.0,4.3,197,5,14
Facundo Pellistri Rebollo,0,1,164,47.0,19.3,66.0,13.3,0.7,36,0,2
Raphaël Varane,1,0,430,142.2,22.5,66.0,23.1,1.0,130,2,5
Marcus Rashford,2,2,1150,178.4,206.2,375.0,75.8,2.2,135,4,19
Jadon Sancho,0,0,76,9.8,14.8,12.0,3.6,0.0,11,0,1
Luke Shaw,0,0,693,161.8,164.2,21.0,34.7,2.5,146,3,9
Shola Shoretire,0,0,0,0.0,0.0,0.0,0.0,0.0,0,0,0
Donny van de Beek,0,0,2,0.0,10.3,6.0,1.6,0.0,3,0,0
Aaron Wan-Bissaka,0,1,613,154.6,68.5,18.0,24.3,0.7,146,2,9
Sergio Reguilón,0,0,408,65.2,106.1,29.0,20.1,0.3,85,2,7
André Onana,0,0,1620,538.6,0.2,0.0,54.0,4.5,362,6,23
Rasmus Højlund,0,0,938,47.8,138.4,249.0,43.3,1.0,30,4,12
Omari Forson,0,0,0,0.0,0.0,0.0,0.0,0.0,0,0,0
Radek Vítek,0,0,0,0.0,0.0,0.0,0.0,0.0,0,0,0
Daniel Gore,0,0,0,0.0,0.0,0.0,0.0,0.0,0,0,0
Altay Bayindir,0,0,0,0.0,0.0,0.0,0.0,0.0,0,0,0
Jonny Evans,0,1,639,116.2,43.9,13.0,17.3,1.3,142,3,9
Sofyan Amrabat,0,0,610,100.0,65.8,4.0,17.1,1.3,76,1,8
Joe Hugill,0,0,0,0.0,0.0,0.0,0.0,0.0,0,0,0
Willy Kambwala,0,0,83,16.0,1.4,0.0,1.7,0.5,10,0,2
Rhys Bennett,0,0,0,0.0,0.0,0.0,0.0,0.0,0,0,0
Lewis Hall,0,0,81,24.8,2.5,17.0,4.4,0.4,18,0,1
Miguel Almirón Rejala,3,1,1246,230.6,210.1,286.0,72.3,3.6,195,5,16
Elliot Anderson,0,1,407,83.2,88.8,85.0,25.7,0.0,65,3,5
Harrison Ashby,0,0,0,0.0,0.0,0.0,0.0,0.0,0,0,0
Sven Botman,1,1,505,152.2,37.0,45.0,23.5,0.4,143,2,3
Bruno Guimarães Rodriguez Moura,1,2,1492,311.2,392.9,214.0,92.0,3.2,254,7,20
Dan Burn,2,0,1112,261.0,62.2,183.0,50.7,3.2,219,5,12
Karl Darlow,0,0,0,0.0,0.0,0.0,0.0,0.0,0,0,0
Martin Dubravka,0,0,364,127.6,0.0,0.0,12.7,3.0,87,1,8
Ryan Fraser,0,0,0,0.0,0.0,0.0,0.0,0.0,0,0,0
Mark Gillespie,0,0,0,0.0,0.0,0.0,0.0,0.0,0,0,0
Anthony Gordon,6,6,1396,400.4,313.3,432.0,114.2,4.4,292,8,17
Isaac Hayden,0,0,0,0.0,0.0,0.0,0.0,0.0,0,0,0
Jeff Hendrick,0,0,0,0.0,0.0,0.0,0.0,0.0,0,0,0
Alexander Isak,7,0,866,266.2,105.5,337.0,70.7,1.4,217,3,13
Joelinton Cássio Apolinário de Lira,2,1,1033,228.2,245.3,161.0,63.4,2.2,167,3,16
Emil Krafth,0,0,82,28.8,62.8,5.0,9.6,1.8,43,1,1
Garang Kuol,0,0,0,0.0,0.0,0.0,0.0,0.0,0,0,0
Jamaal Lascelles,1,0,1036,226.0,34.9,67.0,32.8,2.6,203,5,14
Jamal Lewis,0,0,0,0.0,0.0,0.0,0.0,0.0,0,0,0
Sean Longstaff,2,2,1014,218.6,169.5,182.0,57.2,1.2,175,6,12
Javier Manquillo Gaitán,0,0,0,0.0,0.0,0.0,0.0,0.0,0,0,0
Jacob Murphy,1,3,119,103.4,54.3,39.0,19.5,0.0,85,1,1
Nick Pope,0,0,1255,297.4,0.0,4.0,30.1,1.2,268,6,14
Matt Ritchie,0,0,103,18.6,5.2,52.0,7.6,0.8,16,0,4
Allan Saint-Maximin,0,0,0,0.0,0.0,0.0,0.0,0.0,0,0,0
Fabian Schär,0,1,1543,321.2,51.6,104.0,47.7,2.0,320,6,22
Matt Targett,0,0,77,9.2,11.9,0.0,2.2,0.0,15,0,4
Sandro Tonali,1,0,437,81.8,105.0,50.0,23.8,0.0,86,1,5
Kieran Trippier,0,7,1482,485.8,769.0,65.0,131.9,2.8,425,6,22
Kell Watts,0,0,0,0.0,0.0,0.0,0.0,0.0,0,0,0
Joe Willock,0,0,136,23.4,27.7,47.0,9.8,0.0,23,0,2
Callum Wilson,7,1,685,286.0,74.3,444.0,80.0,1.6,184,5,9
Loris Karius,0,0,0,0.0,0.0,0.0,0.0,0.0,0,0,0
Paul Dummett,0,0,4,3.0,0.2,0.0,0.3,0.0,3,0,0
Harvey Barnes,1,1,183,57.6,29.9,53.0,14.0,0.0,48,1,2
Tino Livramento,0,0,571,110.8,86.3,27.0,22.6,3.8,118,2,9
Alex Murphy,0,0,3,0.2,0.1,0.0,0.0,0.0,2,0,0
Lewis Miley,1,1,515,108.2,83.0,73.0,26.3,2.8,116,1,9
Amadou Diallo,0,0,1,0.0,0.0,0.0,0.0,0.0,3,0,0
Ben Parkinson,0,0,24,2.0,0.0,0.0,0.2,0.0,2,0,1
Michael Ndiweni,0,0,1,0.2,0.0,0.0,0.0,0.0,3,0,0
Nuno Varela Tavares,0,0,93,9.2,7.2,2.0,1.8,0.0,8,0,2
Matt Turner,0,0,1170,277.8,0.0,0.0,27.7,1.4,220,2,21
Andrey Nascimento dos Santos,0,0,7,0.0,0.5,3.0,0.2,0.0,1,0,0
Callum Hudson-Odoi,1,1,390,76.8,112.9,50.0,24.1,0.8,69,1,9
Anthony Elanga,4,3,1183,286.6,189.1,350.0,82.4,3.0,195,1,24
Brandon Aguilera Zamora,0,0,0,0.0,0.0,0.0,0.0,0.0,0,0,0
Harry Arter,0,0,0,0.0,0.0,0.0,0.0,0.0,0,0,0
Serge Aurier,0,2,831,187.6,84.8,45.0,31.8,0.4,137,1,15
Taiwo Awoniyi,4,2,664,191.2,111.6,167.0,46.8,0.0,150,2,11
Giulian Biancone,0,0,0,0.0,0.0,0.0,0.0,0.0,0,0,0
Willy Boly,1,0,991,313.8,59.1,161.0,53.5,0.2,188,3,18
Josh Bowler,0,0,0,0.0,0.0,0.0,0.0,0.0,0,0,0
Steve Cook,0,0,0,0.0,0.0,0.0,0.0,0.0,0,0,0
Danilo dos Santos de Oliveira,0,0,482,31.4,35.9,24.0,9.1,0.8,44,0,14
Emmanuel Dennis,0,0,0,0.0,0.0,0.0,0.0,0.0,0,0,0
Mohamed Dräger,0,0,0,0.0,0.0,0.0,0.0,0.0,0,0,0
Felipe Augusto de Almeida Monteiro,0,0,132,25.8,11.3,12.0,4.9,0.2,25,0,5
Remo Freuler,0,0,0,0.0,0.0,0.0,0.0,0.0,0,0,0
Morgan Gibbs-White,1,5,1506,263.0,496.7,248.0,100.8,2.4,242,3,29
Wayne Hennessey,0,0,0,0.0,0.0,0.0,0.0,0.0,0,0,0
Ethan Horvath,0,0,0,0.0,0.0,0.0,0.0,0.0,0,0,0
Cheikhou Kouyaté,0,0,200,36.0,14.2,19.0,7.0,0.6,27,0,6
Richie Laryea,0,0,0,0.0,0.0,0.0,0.0,0.0,0,0,0
Orel Mangala,1,0,1399,192.8,90.6,27.0,31.0,1.8,178,3,27
Loïc Mbe Soh,0,0,0,0.0,0.0,0.0,0.0,0.0,0,0,0
Scott McKenna,0,0,416,89.0,32.4,17.0,13.8,0.0,64,1,6
Alex Mighten,0,0,0,0.0,0.0,0.0,0.0,0.0,0,0,0
Moussa Niakhaté,0,0,797,141.4,44.7,22.0,20.8,1.0,121,1,20
Lewis O'Brien,0,0,0,0.0,0.0,0.0,0.0,0.0,0,0,0
Braian Ojeda Rodríguez,0,0,0,0.0,0.0,0.0,0.0,0.0,0,0,0
Jonathan Panzo,0,0,0,0.0,0.0,0.0,0.0,0.0,0,0,0
Omar Richards,0,0,0,0.0,0.0,0.0,0.0,0.0,0,0,0
Gustavo Henrique Furtado Scarpa,0,0,0,0.0,0.0,0.0,0.0,0.0,0,0,0
Jonjo Shelvey,0,0,0,0.0,0.0,0.0,0.0,0.0,0,0,0
Sam Surridge,0,0,0,0.0,0.0,0.0,0.0,0.0,0,0,0
Harry Toffolo,1,3,916,261.0,210.2,161.0,63.1,2.2,185,2,20
Hwang Ui-jo,0,0,0,0.0,0.0,0.0,0.0,0.0,0,0,0
Neco Williams,0,1,392,160.2,108.5,22.0,29.2,1.8,79,0,8
Chris Wood,4,1,548,200.0,138.5,259.0,59.7,3.2,169,1,12
Joe Worrall,0,0,437,82.0,22.1,18.0,12.2,0.0,69,1,9
Ryan Yates,0,0,786,125.4,53.5,109.0,28.6,1.8,74,1,18
Olu Aina,1,1,811,163.4,63.7,19.0,24.6,0.2,156,2,22
George Shelvey,0,0,0,0.0,0.0,0.0,0.0,0.0,0,0,0
Josh Powell,0,0,0,0.0,0.0,0.0,0.0,0.0,0,0,0
Gonzalo Montiel,0,0,166,23.4,26.8,11.0,6.2,0.0,13,0,1
Murillo Santiago Costa dos Santos,0,0,1052,256.6,48.7,79.0,38.4,1.0,186,2,23
Odysseas Vlachodimos,0,0,450,101.8,10.0,0.0,11.2,0.4,79,1,12
Andrew Omobamidele,0,0,0,0.0,0.0,0.0,0.0,0.0,0,0,0
Nicolás Domínguez,1,0,648,123.0,51.8,107.0,28.3,0.2,94,3,11
Ibrahim Sangaré,0,0,751,117.6,83.6,36.0,23.7,0.8,60,4,12
Divock Origi,0,0,176,10.6,27.9,24.0,5.8,0.6,21,0,3
Auston Trusty,0,0,1002,213.2,20.2,16.0,24.9,1.8,137,1,26
Cameron Archer,3,1,1210,174.4,185.8,202.0,56.3,3.0,146,2,31
James McAtee,1,2,912,149.6,162.2,150.0,46.2,2.6,113,2,29
Anel Ahmedhodžić,0,0,1125,202.6,10.0,79.0,29.4,1.8,139,1,32
Jordan Amissah,0,0,0,0.0,0.0,0.0,0.0,0.0,0,0,0
George Baldock,0,2,653,109.2,74.5,17.0,19.9,0.6,81,0,13
Chris Basham,0,0,316,69.2,27.4,14.0,11.1,0.0,35,0,6
Jayden Bogle,1,2,1127,174.6,51.3,88.0,31.4,1.4,136,2,27
Rhian Brewster,0,0,163,11.8,14.5,27.0,5.4,0.0,10,0,5
Ismaila Coulibaly,0,0,0,0.0,0.0,0.0,0.0,0.0,0,0,0
Adam Davies,0,0,0,0.0,0.0,0.0,0.0,0.0,0,0,0
John Egan,0,0,482,91.2,1.4,38.0,13.1,0.0,54,0,17
John Fleck,0,0,89,5.4,26.0,2.0,3.3,0.2,13,0,5
Wes Foderingham,0,0,1620,578.2,0.0,0.0,57.9,3.4,325,1,44
Daniel Jebbison,0,0,0,0.0,0.0,0.0,0.0,0.0,0,0,0
Max Lowe,0,0,265,59.2,17.3,4.0,8.0,0.6,26,0,6
Oliver McBurnie,2,1,587,144.8,80.6,208.0,43.3,0.2,58,0,20
Iliman Ndiaye,0,0,0,0.0,0.0,0.0,0.0,0.0,0,0,0
Rhys Norrington-Davies,0,0,0,0.0,0.0,0.0,0.0,0.0,0,0,0
Oliver Norwood,1,0,1177,260.6,235.4,80.0,57.6,1.0,183,0,35
Ben Osborn,0,0,298,36.2,52.0,7.0,9.3,0.0,32,0,5
William Osula,0,0,446,12.6,19.3,94.0,12.0,0.6,-1,0,8
Jack Robinson,0,1,1484,284.6,62.0,52.0,40.0,1.8,226,1,42
Anis Slimane,0,0,230,26.8,30.8,46.0,10.4,1.0,12,1,6
Yasser Larouci,0,0,276,52.4,2.9,31.0,8.6,0.0,29,0,7
Bénie Traoré,0,0,383,25.8,56.7,31.0,11.2,0.4,14,0,13
Vini de Souza Costa,0,0,1328,233.6,43.6,52.0,32.9,1.8,152,1,35
Femi Seriki,0,0,0,0.0,0.0,0.0,0.0,0.0,0,0,0
Louie Marsh,0,0,0,0.0,0.0,0.0,0.0,0.0,0,0,0
Andre Brooks,0,0,278,25.8,3.0,10.0,4.0,1.4,32,1,3
Antwoine Hackford,0,0,11,0.0,0.3,0.0,0.0,0.0,5,0,1
Gustavo Hamer,2,2,1363,248.2,329.8,116.0,69.3,3.0,205,2,34
Tom Davies,0,0,57,6.4,13.0,8.0,2.8,0.0,-2,0,5
Luke Thomas,0,0,827,120.4,53.6,64.0,23.9,-0.2,74,0,27
Ryan Oné,0,0,7,0.0,0.3,0.0,0.0,0.0,3,0,2
Jili Buyabu,0,0,0,0.0,0.0,0.0,0.0,0.0,0,0,0
Sydie Peck,0,0,9,0.0,0.1,0.0,0.0,0.3,3,0,0
Brennan Johnson,1,4,921,168.0,223.4,310.0,70.1,3.7,137,2,16
Brandon Austin,0,0,0,0.0,0.0,0.0,0.0,0.0,0,0,0
Rodrigo Bentancur,0,0,88,14.8,19.5,13.0,4.5,0.2,7,0,6
Yves Bissouma,0,0,1211,253.2,159.9,120.0,53.4,1.2,167,6,17
Bryan Gil Salvatierra,0,0,141,17.0,34.4,33.0,8.5,0.8,30,0,8
Ben Davies,0,1,718,197.8,38.8,37.0,27.5,2.0,144,1,11
Eric Dier,0,0,191,53.4,1.0,2.0,5.6,0.2,28,0,7
Emerson Leite de Souza Junior,1,0,597,188.4,47.7,28.0,26.7,1.2,140,0,15
Fraser Forster,0,0,0,0.0,0.0,0.0,0.0,0.0,0,0,0
Pierre-Emile Højbjerg,0,0,607,138.6,72.8,51.0,26.3,1.2,101,1,13
Harry Kane,0,0,0,0.0,0.0,0.0,0.0,0.0,0,0,0
Dejan Kulusevski,5,2,1581,414.0,580.1,559.0,155.4,5.3,274,6,19
Hugo Lloris,0,0,0,0.0,0.0,0.0,0.0,0.0,0,0,0
Giovani Lo Celso,2,0,302,127.2,103.3,71.0,30.2,3.5,99,0,9
James Maddison,3,6,882,330.0,451.0,316.0,109.6,0.0,230,5,8
Tanguy Ndombélé Alvaro,0,0,0,0.0,0.0,0.0,0.0,0.0,0,0,0
Pedro Porro,0,6,1527,404.6,490.3,170.0,106.6,4.2,395,5,22
Ivan Perišić,0,1,98,41.6,71.2,27.0,14.0,0.0,34,0,1
Richarlison de Andrade,5,3,766,274.2,103.3,379.0,75.4,5.7,146,6,5
Joe Rodon,0,0,0,0.0,0.0,0.0,0.0,0.0,0,0,0
Cristian Romero,3,0,1170,391.6,88.2,98.0,58.0,3.0,297,5,14
Davinson Sánchez,0,0,76,17.0,5.0,4.0,2.6,0.0,9,0,2
Pape Matar Sarr,1,2,1069,229.2,227.4,218.0,67.8,1.5,211,7,7
Ryan Sessegnon,0,0,0,0.0,0.0,0.0,0.0,0.0,0,0,0
Oliver Skipp,0,0,378,57.0,73.3,45.0,17.2,1.2,67,0,10
Son Heung-min,11,4,1510,567.8,429.9,597.0,159.4,6.7,393,6,22
Djed Spence,0,0,0,0.0,0.0,0.0,0.0,0.0,0,0,0
Japhet Tanganga,0,0,0,0.0,0.0,0.0,0.0,0.0,0,0,0
Destiny Udogie,1,2,1232,277.4,162.8,139.0,57.9,2.7,213,4,20
Guglielmo Vicario,0,0,1620,486.2,0.0,0.0,48.6,3.2,363,5,24
Alfie Whiteman,0,0,0,0.0,0.0,0.0,0.0,0.0,0,0,0
Manor Solomon,0,2,196,73.4,144.3,61.0,28.0,0.0,53,0,2
Micky van de Ven,1,0,945,206.6,14.0,32.0,25.4,0.0,227,4,10
Dane Scarlett,0,0,0,0.0,0.0,0.0,0.0,0.0,0,0,0
Alejo Véliz,0,0,17,2.0,0.6,0.0,0.2,0.5,10,0,0
Ashley Phillips,0,0,0,0.0,0.0,0.0,0.0,0.0,0,0,0
Jamie Donley,0,0,2,3.0,0.0,0.0,0.3,0.3,5,0,1
Alfie Dorrington,0,0,0,0.0,0.0,0.0,0.0,0.0,0,0,0
Yago de Santiago Alonso,0,0,0,0.0,0.0,0.0,0.0,0.0,0,0,0
Nayef Aguerd,1,0,1416,332.0,41.6,121.0,49.6,2.0,210,2,29
Michail Antonio,2,2,812,142.8,86.9,138.0,36.4,0.0,116,4,13
Alphonse Areola,0,0,1350,396.0,0.0,0.0,39.7,2.0,269,2,24
Saïd Benrahma,0,1,482,63.2,144.4,162.0,36.9,0.2,52,1,8
Jarrod Bowen,11,1,1527,526.6,171.8,696.0,139.5,5.4,290,3,29
Maxwel Cornet,0,0,1,2.2,0.0,0.0,0.2,0.0,2,0,0
Vladimír Coufal,0,5,1616,396.4,289.9,34.0,72.1,3.8,315,3,30
Conor Coventry,0,0,0,0.0,0.0,0.0,0.0,0.0,0,0,0
Aaron Cresswell,0,0,130,15.2,22.1,0.0,3.8,-0.2,20,0,4
Flynn Downes,0,0,0,0.0,0.0,0.0,0.0,0.0,0,0,0
Emerson Palmieri dos Santos,0,2,1485,264.4,210.5,83.0,55.8,3.8,248,3,26
Lukasz Fabianski,0,0,270,83.0,0.0,0.0,8.3,2.4,63,1,6
Pablo Fornals Malla,0,0,238,40.8,59.9,66.0,16.7,1.0,51,0,7
Danny Ings,0,0,132,13.4,2.1,15.0,3.0,0.2,28,0,5
Ben Johnson,0,0,1,2.2,0.3,0.0,0.3,0.2,2,0,0
Thilo Kehrer,0,0,19,8.6,0.7,0.0,0.9,0.0,7,0,1
Divin Mubama,0,0,57,0.0,2.0,5.0,0.7,0.4,9,0,1
Lucas Tolentino Coelho de Lima,2,5,1485,346.0,419.4,169.0,93.4,5.0,261,4,24
Gianluca Scamacca,0,0,0,0.0,0.0,0.0,0.0,0.0,0,0,0
Tomáš Souček,4,1,1345,338.6,92.0,283.0,71.2,2.4,203,3,24
Nikola Vlašić,0,0,0,0.0,0.0,0.0,0.0,0.0,0,0,0
Kurt Zouma,1,0,1413,284.8,17.4,113.0,41.5,2.6,236,3,25
Angelo Ogbonna,0,0,138,34.0,0.3,0.0,3.4,0.2,20,0,2
Edson Álvarez Velázquez,0,1,1157,212.6,54.4,37.0,30.3,1.8,154,3,18
Joseph Anang,0,0,0,0.0,0.0,0.0,0.0,0.0,0,0,0
James Ward-Prowse,3,5,1502,435.2,535.7,181.0,115.1,3.4,360,3,29
Konstantinos Mavropanos,0,0,316,36.8,12.0,17.0,6.5,1.6,42,1,6
Mohammed Kudus,6,3,871,328.4,175.9,187.0,69.0,7.6,241,2,19
Tommy Doyle,0,0,289,60.2,53.1,16.0,12.9,0.8,62,1,6
Rayan Aït-Nouri,0,0,995,164.6,156.7,53.0,37.3,1.5,119,1,17
Daniel Bentley,0,0,247,57.4,0.0,0.0,5.7,2.7,60,2,3
Bendegúz Bolla,0,0,0,0.0,0.0,0.0,0.0,0.0,0,0,0
Hugo Bueno López,0,0,362,66.4,63.3,25.0,15.3,1.5,65,2,7
Francisco Jorge Tomás Oliveira,0,0,0,0.0,0.0,0.0,0.0,0.0,0,0,0
Luke Cundle,0,0,0,0.0,0.0,0.0,0.0,0.0,0,0,0
Craig Dawson,0,0,1489,360.4,63.0,153.0,57.7,3.2,250,3,26
Fábio Silva,0,0,259,25.2,51.6,93.0,16.9,0.0,7,1,8
Gonçalo Manuel Ganchinho Guedes,0,0,0,0.0,0.0,0.0,0.0,0.0,0,0,0
Joe Hodge,0,0,0,0.0,0.0,0.0,0.0,0.0,0,0,0
Ki-Jana Hoever,0,0,0,0.0,0.0,0.0,0.0,0.0,0,0,0
Hwang Hee-chan,8,2,1311,357.0,190.4,343.0,89.3,4.0,230,1,22
João Victor Gomes da Silva,0,1,1209,141.2,163.6,43.0,34.7,1.7,157,2,23
Jonathan Castro Otto,0,0,4,5.0,0.0,0.0,0.5,0.0,3,0,0
Bruno Cavaco Jordão,0,0,0,0.0,0.0,0.0,0.0,0.0,0,0,0
Sasa Kalajdzic,2,0,158,94.0,48.7,66.0,20.7,0.5,88,1,2
Max Kilman,0,0,1620,364.8,125.7,81.0,57.3,2.0,264,2,30
Tom King,0,0,0,0.0,0.0,0.0,0.0,0.0,0,0,0
Mario Lemina,3,0,1381,299.6,93.3,262.0,65.7,2.7,240,2,25
Pedro Lomba Neto,1,8,886,248.0,388.1,207.0,84.0,0.0,206,1,17
Daniel Castelo Podence,0,0,0,0.0,0.0,0.0,0.0,0.0,0,0,0
José Malheiro de Sá,0,0,1372,371.2,0.0,0.0,37.2,1.2,251,1,27
Pablo Sarabia,1,4,527,184.2,350.4,118.0,65.4,3.2,141,3,5
Matija Šarkić,0,0,0,0.0,0.0,0.0,0.0,0.0,0,0,0
Nélson Cabral Semedo,0,1,1488,262.4,155.9,70.0,49.0,2.7,210,2,29
Toti António Gomes,0,1,1102,213.8,34.6,74.0,32.5,2.5,172,1,17
Boubacar Traoré,0,0,376,44.0,46.7,10.0,10.2,0.7,57,0,11
Matheus Santos Carneiro Da Cunha,5,3,1504,393.6,228.6,510.0,112.9,4.8,246,3,26
Matt Doherty,1,0,384,91.2,78.0,61.0,22.9,2.2,63,0,8
Santiago Bueno,0,0,110,26.2,0.4,0.0,2.7,0.3,19,0,4
Enso González,0,0,0,0.0,0.0,0.0,0.0,0.0,0,0,0
Nathan Fraser,0,0,0,0.0,0.0,0.0,0.0,0.0,0,0,0
Jean-Ricner Bellegarde,1,1,460,106.6,88.3,55.0,24.9,1.8,76,0,12
Matthew Whittingham,0,0,0,0.0,0.0,0.0,0.0,0.0,0,0,0
Tawanda Chirewa,0,0,0,0.0,0.0,0.0,0.0,0.0,0,0,0
Justin Hubner,0,0,0,0.0,0.0,0.0,0.0,0.0,0,0,0
Owen Hesketh,0,0,0,0.0,0.0,0.0,0.0,0.0,0,0,0
Ty Barnett,0,0,0,0.0,0.0,0.0,0.0,0.0,0,0,0
